<?xml version="1.0" encoding="UTF-8" standalone="yes"?>
<addon id="plugin.video.fishermanscove" name="[COLOR green]F[/COLOR]ishermans Cove - Reloaded" version="3.5.0" provider-name="Just Another Bank Tramp">
<requires>
    <import addon="xbmc.python" version="2.1.0"/>
	<import addon="script.module.t0mm0.common" version="2.0.0"/>
    <import addon="script.module.beautifulsoup" version="3.2.1"/>
    <import addon="script.module.simple.downloader" version="0.9.4"/>
    <import addon="script.module.beautifulsoup4" />
    <import addon="script.module.simple.downloader" version="0.9.4"/>
    <import addon="script.module.requests" />
    <import addon="script.module.httplib2" />
    <import addon="script.module.youtube.dl" optional="true"/>
    <import addon="script.module.urlresolver" />
    <import addon="script.module.simplejson" />
    <import addon="script.common.plugin.cache" version="2.5.2"/>
    <import addon="script.module.metahandler" version="2.5.1"/>
    <import addon="plugin.video.youtube" />
</requires>
  <extension point="xbmc.python.pluginsource" library="default.py">
    <provides>video</provides>
  </extension>
  <extension point="xbmc.addon.metadata">
    <summary lang="en">[COLOR green]F[/COLOR]ishermans Cove - Reloaded By The [COLOR green]B[/COLOR]ank Tramp</summary>
    <description lang="en">A Collection of Content to keep u busy on the banks! This Addon uses Openload so pairing is needed to view the streams.. We do not host content, we do not upload content, all this content is freely available online with a quick search... All I do is organise these links all into one place..  Kind Regards  The [COLOR green]B[/COLOR]ank Tramp</description>
    <disclaimer lang="en">The [COLOR green]B[/COLOR]ank Tramp Takes No Credit Or Liability For The Content Provided!</disclaimer>
    <platform>all</platform>
  </extension>
</addon>
